{
  "run_id": "20260706_233302",
  "generated_at": "2026-07-06T23:33:02",
  "device": "cpu",
  "checkpoint_paths": {
    "X": "/Users/felix/PycharmProjects/evaluator/run_X/bs_512_lr0.001_hid32_lyr2_dp0.2_loss_huber_rank0.3_warm20_bnd0.01/model_X_150.pt",
    "Y": "/Users/felix/PycharmProjects/evaluator/run_Y/bs_512_lr0.001_hid32_lyr2_dp0.2_loss_huber_rank0.3_warm20_bnd0.01/model_Y_150.pt",
    "iSWAP": "/Users/felix/PycharmProjects/evaluator/run_iSWAP/bs_512_lr0.001_hid32_lyr2_dp0.1_loss_huber_rank0.3_warm20_bnd0.01/model_iSWAP_150.pt"
  },
  "transfer_results": [
    {
      "dataset": "3x4",
      "row_col": "3x4",
      "sample_num": 100,
      "local": {
        "X": {
          "local_MSE": 0.014322386123239994,
          "local_MAE": 0.046986985951662064,
          "local_Sp": 0.8803324676528915,
          "local_Sp_p": 0.0,
          "local_Pearson": 0.9463467001914978,
          "local_Pearson_p": 0.0,
          "all_MAE": 0.0025761546567082405,
          "all_MAE_r": 0.5307132601737976,
          "all_Sp": 0.8514971497149715,
          "all_Sp_p": 3.1407836314850033e-29,
          "all_Pearson": 0.8006758689880371,
          "all_Pearson_p": 1.5636483741206997e-23
        },
        "Y": {
          "local_MSE": 0.014670941978693008,
          "local_MAE": 0.04754352569580078,
          "local_Sp": 0.8859780164023924,
          "local_Sp_p": 0.0,
          "local_Pearson": 0.9462984800338745,
          "local_Pearson_p": 0.0,
          "all_MAE": 0.0023787806276232004,
          "all_MAE_r": 0.549735426902771,
          "all_Sp": 0.8582178217821781,
          "all_Sp_p": 3.848366880886438e-30,
          "all_Pearson": 0.8130263090133667,
          "all_Pearson_p": 9.374763833078613e-25
        },
        "iSWAP": {
          "local_MSE": 0.05538656935095787,
          "local_MAE": 0.15724362432956696,
          "local_Sp": 0.926965463896454,
          "local_Sp_p": 0.0,
          "local_Pearson": 0.9333329200744629,
          "local_Pearson_p": 0.0,
          "all_MAE": 0.00623505050316453,
          "all_MAE_r": 0.3918476998806,
          "all_Sp": 0.7688328832883288,
          "all_Sp_p": 9.670796230860435e-21,
          "all_Pearson": 0.8023360371589661,
          "all_Pearson_p": 1.083669269554777e-23
        }
      },
      "score_total": {
        "ScoreTotal_MSE": 0.00013615349598694593,
        "ScoreTotal_MAE": 0.010757609270513058,
        "ScoreTotal_MAE_r": 0.41335538029670715,
        "ScoreTotal_Sp": 0.8209060906090608,
        "ScoreTotal_Sp_p": 1.3928301799459602e-25,
        "ScoreTotal_Pearson": 0.8211842775344849,
        "ScoreTotal_Pearson_p": 1.2999465061218872e-25,
        "ScoreTotal_true_mean": 0.030187588185071945,
        "ScoreTotal_pred_mean": 0.025996869429945946
      }
    },
    {
      "dataset": "3x5",
      "row_col": "3x5",
      "sample_num": 60,
      "local": {
        "X": {
          "local_MSE": 0.012347905896604061,
          "local_MAE": 0.040476471185684204,
          "local_Sp": 0.8824178654949387,
          "local_Sp_p": 0.0,
          "local_Pearson": 0.9521586894989014,
          "local_Pearson_p": 0.0,
          "all_MAE": 0.00364255765452981,
          "all_MAE_r": 0.48846977949142456,
          "all_Sp": 0.82745207001945,
          "all_Sp_p": 3.641279109446256e-16,
          "all_Pearson": 0.7818324565887451,
          "all_Pearson_p": 1.6626558799453378e-13
        },
        "Y": {
          "local_MSE": 0.011756649240851402,
          "local_MAE": 0.03940984606742859,
          "local_Sp": 0.8993295558936905,
          "local_Sp_p": 0.0,
          "local_Pearson": 0.9548752307891846,
          "local_Pearson_p": 0.0,
          "all_MAE": 0.0031622168608009815,
          "all_MAE_r": 0.49393516778945923,
          "all_Sp": 0.8331758821894972,
          "all_Sp_p": 1.489050339251917e-16,
          "all_Pearson": 0.8128409385681152,
          "all_Pearson_p": 3.0992130858734958e-15
        },
        "iSWAP": {
          "local_MSE": 0.04738057404756546,
          "local_MAE": 0.13612520694732666,
          "local_Sp": 0.9227771742309531,
          "local_Sp_p": 0.0,
          "local_Pearson": 0.9387325048446655,
          "local_Pearson_p": 0.0,
          "all_MAE": 0.008414236828684807,
          "all_MAE_r": 0.46372875571250916,
          "all_Sp": 0.6921922756321203,
          "all_Sp_p": 9.030735749663676e-10,
          "all_Pearson": 0.7889647483825684,
          "all_Pearson_p": 7.059198332218936e-14
        }
      },
      "score_total": {
        "ScoreTotal_MSE": 0.00024614075664430857,
        "ScoreTotal_MAE": 0.014633319340646267,
        "ScoreTotal_MAE_r": 0.4401768147945404,
        "ScoreTotal_Sp": 0.7874965268130037,
        "ScoreTotal_Sp_p": 8.443100641218744e-14,
        "ScoreTotal_Pearson": 0.8032354116439819,
        "ScoreTotal_Pearson_p": 1.1470877619621477e-14,
        "ScoreTotal_true_mean": 0.03616243600845337,
        "ScoreTotal_pred_mean": 0.02605246752500534
      }
    },
    {
      "dataset": "4x4",
      "row_col": "4x4",
      "sample_num": 60,
      "local": {
        "X": {
          "local_MSE": 0.014635791070759296,
          "local_MAE": 0.04622402787208557,
          "local_Sp": 0.8648686099735201,
          "local_Sp_p": 0.0,
          "local_Pearson": 0.9416144490242004,
          "local_Pearson_p": 0.0,
          "all_MAE": 0.003188686678186059,
          "all_MAE_r": 0.4620887339115143,
          "all_Sp": 0.8247290914142819,
          "all_Sp_p": 5.508585914973296e-16,
          "all_Pearson": 0.8202662467956543,
          "all_Pearson_p": 1.069345743986256e-15
        },
        "Y": {
          "local_MSE": 0.014468824490904808,
          "local_MAE": 0.04522974416613579,
          "local_Sp": 0.8714854176285813,
          "local_Sp_p": 0.0,
          "local_Pearson": 0.9425526857376099,
          "local_Pearson_p": 0.0,
          "all_MAE": 0.0030925532337278128,
          "all_MAE_r": 0.4908851385116577,
          "all_Sp": 0.8250069463739929,
          "all_Sp_p": 5.282464330074666e-16,
          "all_Pearson": 0.825181245803833,
          "all_Pearson_p": 5.145186229857184e-16
        },
        "iSWAP": {
          "local_MSE": 0.05203486606478691,
          "local_MAE": 0.14565588533878326,
          "local_Sp": 0.9138371116139133,
          "local_Sp_p": 0.0,
          "local_Pearson": 0.9331663846969604,
          "local_Pearson_p": 0.0,
          "all_MAE": 0.006945333443582058,
          "all_MAE_r": 0.3345576822757721,
          "all_Sp": 0.7673798277299252,
          "all_Sp_p": 8.585495624037592e-13,
          "all_Pearson": 0.847403883934021,
          "all_Pearson_p": 1.3820387263567565e-17
        }
      },
      "score_total": {
        "ScoreTotal_MSE": 0.00014109033509157598,
        "ScoreTotal_MAE": 0.012622272595763206,
        "ScoreTotal_MAE_r": 0.3580877184867859,
        "ScoreTotal_Sp": 0.7933870519588776,
        "ScoreTotal_Sp_p": 4.0815002165878245e-14,
        "ScoreTotal_Pearson": 0.8500189185142517,
        "ScoreTotal_Pearson_p": 8.696604729106884e-18,
        "ScoreTotal_true_mean": 0.03987490385770798,
        "ScoreTotal_pred_mean": 0.03431610018014908
      }
    },
    {
      "dataset": "3x6",
      "row_col": "3x6",
      "sample_num": 60,
      "local": {
        "X": {
          "local_MSE": 0.011249395087361336,
          "local_MAE": 0.037353210151195526,
          "local_Sp": 0.866205593825312,
          "local_Sp_p": 0.0,
          "local_Pearson": 0.9503216743469238,
          "local_Pearson_p": 0.0,
          "all_MAE": 0.003018925664946437,
          "all_MAE_r": 0.43328002095222473,
          "all_Sp": 0.8813559322033899,
          "all_Sp_p": 1.527352361827535e-20,
          "all_Pearson": 0.865452766418457,
          "all_Pearson_p": 4.664755817522088e-19
        },
        "Y": {
          "local_MSE": 0.010924325324594975,
          "local_MAE": 0.03647443279623985,
          "local_Sp": 0.8806661255120837,
          "local_Sp_p": 0.0,